<?xml version="1.0" encoding="UTF-8"?><artifacts>
    <artifact name="teste" groupId="com.example.api" version="1.0.0" type="synapse/api" serverRole="EnterpriseServiceBus">
        <file>src/main/synapse-config/api/teste.xml</file>
    </artifact>
    <artifact name="teste_swagger" groupId="com.example.metadata" version="1.0.0" type="synapse/metadata" serverRole="EnterpriseServiceBus">
        <file>src/main/resources/metadata/teste_swagger.yaml</file>
    </artifact>
    <artifact name="teste_metadata" groupId="com.example.metadata" version="1.0.0" type="synapse/metadata" serverRole="EnterpriseServiceBus">
        <file>src/main/resources/metadata/teste_metadata.yaml</file>
    </artifact>
</artifacts>
