<?xml version="1.0" encoding="UTF-8"?>
<api context="/MI_teste" name="teste" xmlns="http://ws.apache.org/ns/synapse">
    <resource methods="POST">
        <inSequence>
            <enrich description="input">
                <source clone="true" type="envelope"/>
                <target property="input" type="property"/>
            </enrich>
            <log level="custom">
                <property expression="$body" name="body"/>
            </log>
            <enrich>
                <source clone="true" type="inline">
                    <dat:getIDs xmlns:dat="http://ws.wso2.org/dataservice">
                        <dat:IdStatus/>
                    </dat:getIDs>
                </source>
                <target property="Cars" type="property"/>
            </enrich>
            <log level="custom">
                <property expression="get-property('Cars')" name="PekeCarListBeforeEnrich"/>
            </log>
            <enrich>
                <source clone="true" xpath="$ctx:input//*[local-name() = 'id']"/>
                <target action="child" xpath="$ctx:Cars//*[local-name() = 'IdStatus']"/>
            </enrich>
            <log level="custom">
                <property expression="get-property('Cars')" name="PekeCarListAfterEnrich"/>
            </log>
            <!-- Validate Id
            <enrich>
	            <source type="inline" clone="true">
	               <getIDs>
			            <IdStatus/> 
			        </getIDs>
	            </source>
	            <target type="property" property="IdStatus"/>
	         </enrich>
	         <enrich>
	            <source clone="true" xpath="$ctx:input//*[local-name() = 'id']"/>
	            <target action="child" xpath="$ctx:IdStatus//IdStatus"/>
	         </enrich>
            <call blocking="true">
                <endpoint>
                    <http method="post" uri-template="local:///services/ADM_StatusDB/">
                        <suspendOnFailure>
                            <initialDuration>-1</initialDuration>
                            <progressionFactor>-1</progressionFactor>
                        </suspendOnFailure>
                        <markForSuspension>
                            <retriesBeforeSuspension>0</retriesBeforeSuspension>
                        </markForSuspension>
                    </http>
                </endpoint>
            </call>
            <log level="custom">
                <property expression="$body" name="body4"/>
            </log> -->
            <property name="resultCode" scope="default" type="STRING" value="SustIMS0012"/>
            <property name="status" scope="default" type="STRING" value="202"/>
        </inSequence>
        <outSequence/>
        <faultSequence/>
    </resource>
</api>
